# amplitude, sigma
0.043053
850.813872
